Artist Name,NSFW Level,Top NSFW Tag 1,Top NSFW Tag 2,Top NSFW Tag 3,Image URL,futanari,tentacle penetration,feminization,chastity,mind control,machine sex,bimbofication,bondage,pegging,sissification,hypnosis,anal,inflation,oversized toy,oral sex,dominant female,orgasm denial,sci-fi,machine,machine domination,android,robot sex,robot domination,chastity cage,flat chastity cage,nub chastity cage,revealing chastity cage,tube chastity cage,chastity cage-belt,double end chastity cage,small chastity cage,large chastity cage,ornate chastity cage,padlocked chastity cage,chastity cage strap,ball splitter,inverted chastity cage,metal chastity cage,gold chastity cage,colored chastity cage,transparent chastity cage,chastity cage emission,bulging in chastity cage,unworn chastity cage,holding chastity cage,touching another's chastity cage,touching own chastity cage,partially worn chastity cage,chastity cage visible through clothes,anal fingering,prostate milking,assertive female,clothed female nude male,dominatrix,footjob,shoejob,sockjob,girl on top,amazon position,cowgirl position,reverse cowgirl position,sitting on face,humiliation,premature ejaculation,small penis humiliation,lolidom,pet play,viewer on leash
incase,Ecchi,sissification,mind control,chastity,https://cdn.zele.st/data/NAX/Images/danbooru-artist-tags-v4.5/incase.jpg,1,0,0,1,1,0,1,0,1,1,0,0,1,0,0,0,0,0,0,0,0,0,0,0,0,0,0,0,0,0,0,0,0,0,0,0,0,0,0,0,0,0,0,0,0,0,0,0,0,0,0,0,0,0,0,0,0,0,0,0,0,0,0,0,0,0,0,0
personal ami,Hentai,machine sex,oral sex,chastity,https://cdn.zele.st/data/NAX/Images/danbooru-artist-tags-v4.5/personal%20ami.jpg,1,1,0,1,0,1,1,0,1,1,0,0,1,0,1,1,0,0,1,0,0,0,0,0,0,0,0,0,0,0,0,0,0,0,0,0,0,0,0,0,0,0,0,0,0,0,0,0,0,0,0,0,0,0,0,0,0,0,0,0,0,0,0,0,0,0,0,0
aenaluck,Extreme,chastity,anal,bondage,https://cdn.zele.st/data/NAX/Images/danbooru-artist-tags-v4.5/aenaluck.jpg,0,0,0,1,0,1,1,1,1,1,0,1,1,0,0,1,0,0,1,0,0,0,0,0,0,0,0,0,0,0,0,0,0,0,0,0,0,0,0,0,0,0,0,0,0,0,0,0,0,0,0,0,0,0,0,0,0,0,0,0,0,0,0,0,0,0,0,0
miyoshi yoshimi,Hentai,chastity,oversized toy,mind control,https://cdn.zele.st/data/NAX/Images/danbooru-artist-tags-v4.5/miyoshi%20yoshimi.jpg,0,0,1,1,1,0,0,1,1,0,0,0,1,1,0,1,0,0,0,0,0,0,0,0,0,0,0,0,0,0,0,0,0,0,0,0,0,0,0,0,0,0,0,0,0,0,0,0,0,0,0,0,0,0,0,0,0,0,0,0,0,0,0,0,0,0,0,0
21yc (september breeze),Extreme,pegging,chastity,bondage,https://cdn.zele.st/data/NAX/Images/danbooru-artist-tags-v4.5/21yc%20%28september%20breeze%29.jpg,1,0,1,1,1,0,0,1,1,0,1,0,1,0,0,0,0,0,0,0,0,0,0,0,0,0,0,0,0,0,0,0,0,0,0,0,0,0,0,0,0,0,0,0,0,0,0,0,0,0,0,0,0,0,0,0,0,0,0,0,0,0,0,0,0,0,0,0
nai ga,Extreme,anal,inflation,chastity,https://cdn.zele.st/data/NAX/Images/danbooru-artist-tags-v4.5/nai%20ga.jpg,0,0,1,1,0,0,1,1,1,1,0,1,1,0,1,0,0,0,0,0,0,0,0,0,0,0,0,0,0,0,0,0,0,0,0,0,0,0,0,0,0,0,0,0,0,0,0,0,0,0,0,0,0,0,0,0,0,0,0,0,0,0,0,0,0,0,0,0
147,Extreme,feminization,oral sex,chastity,https://cdn.zele.st/data/NAX/Images/danbooru-artist-tags-v4.5/147.jpg,0,0,1,1,1,0,0,0,1,0,0,1,1,0,1,1,0,0,0,0,0,0,0,0,0,0,0,0,0,0,0,0,0,0,0,0,0,0,0,0,0,0,0,0,0,0,0,0,0,0,0,0,0,0,0,0,0,0,0,0,0,0,0,0,0,0,0,0
csyday,Hentai,oversized toy,chastity,inflation,https://cdn.zele.st/data/NAX/Images/danbooru-artist-tags-v4.5/csyday.jpg,0,1,0,1,0,1,0,0,0,1,1,0,1,1,0,0,0,0,1,0,0,0,0,0,0,0,0,0,0,0,0,0,0,0,0,0,0,0,0,0,0,0,0,0,0,0,0,0,0,0,0,0,0,0,0,0,0,0,0,0,0,0,0,0,0,0,0,0
hungry clicker,Ecchi,chastity,inflation,pegging,https://cdn.zele.st/data/NAX/Images/danbooru-artist-tags-v4.5/hungry%20clicker.jpg,0,1,0,1,0,0,1,1,1,0,0,0,1,1,0,0,0,0,0,0,0,0,0,0,0,0,0,0,0,0,0,0,0,0,0,0,0,0,0,0,0,0,0,0,0,0,0,0,0,0,0,0,0,0,0,0,0,0,0,0,0,0,0,0,0,0,0,0
kawakami rokkaku,Hentai,machine sex,chastity,hypnosis,https://cdn.zele.st/data/NAX/Images/danbooru-artist-tags-v4.5/kawakami%20rokkaku.jpg,0,0,0,1,1,1,1,1,0,0,1,0,0,0,1,1,0,0,1,0,0,0,0,0,0,0,0,0,0,0,0,0,0,0,0,0,0,0,0,0,0,0,0,0,0,0,0,0,0,0,0,0,0,0,0,0,0,0,0,0,0,0,0,0,0,0,0,0
kedama milk,Hentai,chastity,bondage,futanari,https://cdn.zele.st/data/NAX/Images/danbooru-artist-tags-v4.5/kedama%20milk.jpg,1,1,1,1,1,0,1,1,1,0,0,0,0,1,0,1,0,0,0,0,0,0,0,0,0,0,0,0,0,0,0,0,0,0,0,0,0,0,0,0,0,0,0,0,0,0,0,0,0,0,0,0,0,0,0,0,0,0,0,0,0,0,0,0,0,0,0,0
min (120716),Hentai,chastity,bimbofication,futanari,https://cdn.zele.st/data/NAX/Images/danbooru-artist-tags-v4.5/min%20%28120716%29.jpg,1,0,1,1,1,0,1,0,1,1,0,0,0,1,0,0,0,0,0,0,0,0,0,0,0,0,0,0,0,0,0,0,0,0,0,0,0,0,0,0,0,0,0,0,0,0,0,0,0,0,0,0,0,0,0,0,0,0,0,0,0,0,0,0,0,0,0,0
oogure ito,Hentai,hypnosis,chastity,feminization,https://cdn.zele.st/data/NAX/Images/danbooru-artist-tags-v4.5/oogure%20ito.jpg,1,1,1,1,0,0,0,1,1,0,1,1,1,0,0,1,0,0,0,0,0,0,0,0,0,0,0,0,0,0,0,0,0,0,0,0,0,0,0,0,0,0,0,0,0,0,0,0,0,0,0,0,0,0,0,0,0,0,0,0,0,0,0,0,0,0,0,0
pumpkinspicelatte,Ecchi,oversized toy,sissification,chastity,https://cdn.zele.st/data/NAX/Images/danbooru-artist-tags-v4.5/pumpkinspicelatte.jpg,1,1,1,1,0,0,0,0,0,1,1,1,1,1,0,0,0,0,0,0,0,0,0,0,0,0,0,0,0,0,0,0,0,0,0,0,0,0,0,0,0,0,0,0,0,0,0,0,0,0,0,0,0,0,0,0,0,0,0,0,0,0,0,0,0,0,0,0
013 (hamsasuke),Hentai,sissification,bondage,chastity,https://cdn.zele.st/data/NAX/Images/danbooru-artist-tags-v4.5/013%20%28hamsasuke%29.jpg,0,1,1,1,1,1,0,1,0,1,0,0,1,0,1,0,0,0,1,0,0,0,0,0,0,0,0,0,0,0,0,0,0,0,0,0,0,0,0,0,0,0,0,0,0,0,0,0,0,0,0,0,0,0,0,0,0,0,0,0,0,0,0,0,0,0,0,0
13 (bbr584607091),Extreme,dominant female,oversized toy,chastity,https://cdn.zele.st/data/NAX/Images/danbooru-artist-tags-v4.5/13%20%28bbr584607091%29.jpg,0,0,0,1,0,0,0,1,0,1,1,1,1,1,1,1,0,0,0,0,0,0,0,0,0,0,0,0,0,0,0,0,0,0,0,0,0,0,0,0,0,0,0,0,0,0,0,0,0,0,0,0,0,0,0,0,0,0,0,0,0,0,0,0,0,0,0,0
13-gou,Hentai,chastity,futanari,oral sex,https://cdn.zele.st/data/NAX/Images/danbooru-artist-tags-v4.5/13-gou.jpg,1,0,1,1,0,0,0,0,0,0,1,1,1,0,1,1,0,0,0,0,0,0,0,0,0,0,0,0,0,0,0,0,0,0,0,0,0,0,0,0,0,0,0,0,0,0,0,0,0,0,0,0,0,0,0,0,0,0,0,0,0,0,0,0,0,0,0,0
1jumangoku,Extreme,mind control,chastity,hypnosis,https://cdn.zele.st/data/NAX/Images/danbooru-artist-tags-v4.5/1jumangoku.jpg,1,1,0,1,1,0,1,0,0,1,1,1,0,0,1,0,0,0,0,0,0,0,0,0,0,0,0,0,0,0,0,0,0,0,0,0,0,0,0,0,0,0,0,0,0,0,0,0,0,0,0,0,0,0,0,0,0,0,0,0,0,0,0,0,0,0,0,0
2dswirl,Hentai,feminization,anal,chastity,https://cdn.zele.st/data/NAX/Images/danbooru-artist-tags-v4.5/2dswirl.jpg,1,0,1,1,1,0,1,0,0,0,1,1,1,1,0,0,0,0,0,0,0,0,0,0,0,0,0,0,0,0,0,0,0,0,0,0,0,0,0,0,0,0,0,0,0,0,0,0,0,0,0,0,0,0,0,0,0,0,0,0,0,0,0,0,0,0,0,0
40010prototype,Extreme,chastity,pegging,bimbofication,https://cdn.zele.st/data/NAX/Images/danbooru-artist-tags-v4.5/40010prototype.jpg,1,1,1,1,0,0,1,0,1,0,0,1,1,1,0,0,0,0,0,0,0,0,0,0,0,0,0,0,0,0,0,0,0,0,0,0,0,0,0,0,0,0,0,0,0,0,0,0,0,0,0,0,0,0,0,0,0,0,0,0,0,0,0,0,0,0,0,0
akairiot,Hentai,machine sex,anal,chastity,https://cdn.zele.st/data/NAX/Images/danbooru-artist-tags-v4.5/akairiot.jpg,1,0,1,1,0,1,0,0,1,0,1,1,0,0,0,1,0,0,1,0,0,0,0,0,0,0,0,0,0,0,0,0,0,0,0,0,0,0,0,0,0,0,0,0,0,0,0,0,0,0,0,0,0,0,0,0,0,0,0,0,0,0,0,0,0,0,0,0
alchera,Extreme,dominant female,chastity,bimbofication,https://cdn.zele.st/data/NAX/Images/danbooru-artist-tags-v4.5/alchera.jpg,0,1,0,1,0,0,1,0,1,0,1,1,0,0,1,1,0,0,0,0,0,0,0,0,0,0,0,0,0,0,0,0,0,0,0,0,0,0,0,0,0,0,0,0,0,0,0,0,0,0,0,0,0,0,0,0,0,0,0,0,0,0,0,0,0,0,0,0
aneco (westsea1227),Hentai,futanari,anal,chastity,https://cdn.zele.st/data/NAX/Images/danbooru-artist-tags-v4.5/aneco%20%28westsea1227%29.jpg,1,0,0,1,1,1,0,0,0,1,1,1,0,1,1,0,0,0,1,0,0,0,0,0,0,0,0,0,0,0,0,0,0,0,0,0,0,0,0,0,0,0,0,0,0,0,0,0,0,0,0,0,0,0,0,0,0,0,0,0,0,0,0,0,0,0,0,0
aro (charged time out),Extreme,chastity,inflation,bondage,https://cdn.zele.st/data/NAX/Images/danbooru-artist-tags-v4.5/aro%20%28charged%20time%20out%29.jpg,0,1,1,1,0,0,0,1,1,0,0,0,1,1,0,1,0,0,0,0,0,0,0,0,0,0,0,0,0,0,0,0,0,0,0,0,0,0,0,0,0,0,0,0,0,0,0,0,0,0,0,0,0,0,0,0,0,0,0,0,0,0,0,0,0,0,0,0
atsumisu,Hentai,chastity,bimbofication,mind control,https://cdn.zele.st/data/NAX/Images/danbooru-artist-tags-v4.5/atsumisu.jpg,1,1,1,1,1,1,1,1,0,0,0,0,0,0,0,1,0,0,1,0,0,0,0,0,0,0,0,0,0,0,0,0,0,0,0,0,0,0,0,0,0,0,0,0,0,0,0,0,0,0,0,0,0,0,0,0,0,0,0,0,0,0,0,0,0,0,0,0
azuumori,Hentai,oversized toy,feminization,chastity,https://cdn.zele.st/data/NAX/Images/danbooru-artist-tags-v4.5/azuumori.jpg,1,0,1,1,1,0,1,1,0,0,0,1,0,1,0,1,0,0,0,0,0,0,0,0,0,0,0,0,0,0,0,0,0,0,0,0,0,0,0,0,0,0,0,0,0,0,0,0,0,0,0,0,0,0,0,0,0,0,0,0,0,0,0,0,0,0,0,0
banishment,Hentai,chastity,pegging,dominant female,https://cdn.zele.st/data/NAX/Images/danbooru-artist-tags-v4.5/banishment.jpg,1,0,1,1,1,0,1,0,1,0,0,1,1,1,0,1,0,0,0,0,0,0,0,0,0,0,0,0,0,0,0,0,0,0,0,0,0,0,0,0,0,0,0,0,0,0,0,0,0,0,0,0,0,0,0,0,0,0,0,0,0,0,0,0,0,0,0,0
buta (uhoiiotoko),Extreme,anal,machine sex,chastity,https://cdn.zele.st/data/NAX/Images/danbooru-artist-tags-v4.5/buta%20%28uhoiiotoko%29.jpg,0,0,0,1,1,1,1,0,1,0,0,1,1,0,1,1,0,0,1,0,0,0,0,0,0,0,0,0,0,0,0,0,0,0,0,0,0,0,0,0,0,0,0,0,0,0,0,0,0,0,0,0,0,0,0,0,0,0,0,0,0,0,0,0,0,0,0,0
caryo,Hentai,bondage,chastity,anal,https://cdn.zele.st/data/NAX/Images/danbooru-artist-tags-v4.5/caryo.jpg,1,1,1,1,0,0,0,1,1,0,0,1,0,0,1,0,0,0,0,0,0,0,0,0,0,0,0,0,0,0,0,0,0,0,0,0,0,0,0,0,0,0,0,0,0,0,0,0,0,0,0,0,0,0,0,0,0,0,0,0,0,0,0,0,0,0,0,0
chanmura,Hentai,chastity,feminization,oversized toy,https://cdn.zele.st/data/NAX/Images/danbooru-artist-tags-v4.5/chanmura.jpg,0,1,1,1,1,0,1,1,0,0,0,1,1,1,0,1,0,0,0,0,0,0,0,0,0,0,0,0,0,0,0,0,0,0,0,0,0,0,0,0,0,0,0,0,0,0,0,0,0,0,0,0,0,0,0,0,0,0,0,0,0,0,0,0,0,0,0,0
creayus,Ecchi,bimbofication,chastity,bondage,https://cdn.zele.st/data/NAX/Images/danbooru-artist-tags-v4.5/creayus.jpg,0,1,1,1,1,1,1,1,0,0,0,0,0,1,0,0,0,0,1,0,0,0,0,0,0,0,0,0,0,0,0,0,0,0,0,0,0,0,0,0,0,0,0,0,0,0,0,0,0,0,0,0,0,0,0,0,0,0,0,0,0,0,0,0,0,0,0,0
edpan,Hentai,bimbofication,inflation,chastity,https://cdn.zele.st/data/NAX/Images/danbooru-artist-tags-v4.5/edpan.jpg,0,0,0,1,0,1,1,1,0,0,0,1,1,1,1,1,0,0,1,0,0,0,0,0,0,0,0,0,0,0,0,0,0,0,0,0,0,0,0,0,0,0,0,0,0,0,0,0,0,0,0,0,0,0,0,0,0,0,0,0,0,0,0,0,0,0,0,0
endou okito,Extreme,hypnosis,chastity,feminization,https://cdn.zele.st/data/NAX/Images/danbooru-artist-tags-v4.5/endou%20okito.jpg,0,0,1,1,0,0,1,1,1,0,1,0,1,0,0,1,0,0,0,0,0,0,0,0,0,0,0,0,0,0,0,0,0,0,0,0,0,0,0,0,0,0,0,0,0,0,0,0,0,0,0,0,0,0,0,0,0,0,0,0,0,0,0,0,0,0,0,0
eruichi (redphantom),Extreme,futanari,chastity,tentacle penetration,https://cdn.zele.st/data/NAX/Images/danbooru-artist-tags-v4.5/eruichi%20%28redphantom%29.jpg,1,1,0,1,0,1,0,0,0,1,0,0,1,1,1,1,0,0,1,0,0,0,0,0,0,0,0,0,0,0,0,0,0,0,0,0,0,0,0,0,0,0,0,0,0,0,0,0,0,0,0,0,0,0,0,0,0,0,0,0,0,0,0,0,0,0,0,0
gashi-gashi,Hentai,chastity,pegging,bondage,https://cdn.zele.st/data/NAX/Images/danbooru-artist-tags-v4.5/gashi-gashi.jpg,1,0,0,1,0,1,1,1,1,0,0,1,1,1,0,0,0,0,1,0,0,0,0,0,0,0,0,0,0,0,0,0,0,0,0,0,0,0,0,0,0,0,0,0,0,0,0,0,0,0,0,0,0,0,0,0,0,0,0,0,0,0,0,0,0,0,0,0
hirokiku,Hentai,pegging,chastity,inflation,https://cdn.zele.st/data/NAX/Images/danbooru-artist-tags-v4.5/hirokiku.jpg,0,0,0,1,0,0,0,0,1,1,1,0,1,1,1,1,0,0,0,0,0,0,0,0,0,0,0,0,0,0,0,0,0,0,0,0,0,0,0,0,0,0,0,0,0,0,0,0,0,0,0,0,0,0,0,0,0,0,0,0,0,0,0,0,0,0,0,0
huangdanlan,Hentai,anal,machine sex,chastity,https://cdn.zele.st/data/NAX/Images/danbooru-artist-tags-v4.5/huangdanlan.jpg,0,0,1,1,1,1,0,1,0,0,1,1,0,0,0,1,0,0,1,0,0,0,0,0,0,0,0,0,0,0,0,0,0,0,0,0,0,0,0,0,0,0,0,0,0,0,0,0,0,0,0,0,0,0,0,0,0,0,0,0,0,0,0,0,0,0,0,0
jizeru (giselebon),Ecchi,dominant female,pegging,chastity,https://cdn.zele.st/data/NAX/Images/danbooru-artist-tags-v4.5/jizeru%20%28giselebon%29.jpg,1,0,1,1,0,1,1,1,1,0,0,0,0,1,0,1,0,0,1,0,0,0,0,0,0,0,0,0,0,0,0,0,0,0,0,0,0,0,0,0,0,0,0,0,0,0,0,0,0,0,0,0,0,0,0,0,0,0,0,0,0,0,0,0,0,0,0,0
kaguura (kagu),Ecchi,feminization,chastity,oversized toy,https://cdn.zele.st/data/NAX/Images/danbooru-artist-tags-v4.5/kaguura%20%28kagu%29.jpg,0,1,1,1,0,1,1,0,0,0,1,0,1,1,0,0,0,0,1,0,0,0,0,0,0,0,0,0,0,0,0,0,0,0,0,0,0,0,0,0,0,0,0,0,0,0,0,0,0,0,0,0,0,0,0,0,0,0,0,0,0,0,0,0,0,0,0,0
kim eb,Ecchi,chastity,tentacle penetration,dominant female,https://cdn.zele.st/data/NAX/Images/danbooru-artist-tags-v4.5/kim%20eb.jpg,0,1,1,1,0,1,1,0,0,0,1,0,0,1,0,1,0,0,1,0,0,0,0,0,0,0,0,0,0,0,0,0,0,0,0,0,0,0,0,0,0,0,0,0,0,0,0,0,0,0,0,0,0,0,0,0,0,0,0,0,0,0,0,0,0,0,0,0
kinkymation,Ecchi,mind control,pegging,chastity,https://cdn.zele.st/data/NAX/Images/danbooru-artist-tags-v4.5/kinkymation.jpg,0,1,1,1,1,0,1,0,1,0,1,0,1,1,0,0,0,0,0,0,0,0,0,0,0,0,0,0,0,0,0,0,0,0,0,0,0,0,0,0,0,0,0,0,0,0,0,0,0,0,0,0,0,0,0,0,0,0,0,0,0,0,0,0,0,0,0,0
k-suwabe,Extreme,inflation,chastity,machine sex,https://cdn.zele.st/data/NAX/Images/danbooru-artist-tags-v4.5/k-suwabe.jpg,1,0,1,1,0,1,0,0,1,0,0,1,1,0,1,1,0,0,1,0,0,0,0,0,0,0,0,0,0,0,0,0,0,0,0,0,0,0,0,0,0,0,0,0,0,0,0,0,0,0,0,0,0,0,0,0,0,0,0,0,0,0,0,0,0,0,0,0
mirino,Extreme,chastity,pegging,inflation,https://cdn.zele.st/data/NAX/Images/danbooru-artist-tags-v4.5/mirino.jpg,1,0,0,1,0,1,1,0,1,1,0,1,1,0,0,0,0,0,1,0,0,0,0,0,0,0,0,0,0,0,0,0,0,0,0,0,0,0,0,0,0,0,0,0,0,0,0,0,0,0,0,0,0,0,0,0,0,0,0,0,0,0,0,0,0,0,0,0
munakata (sekimizu kazuki),Hentai,chastity,bimbofication,machine sex,https://cdn.zele.st/data/NAX/Images/danbooru-artist-tags-v4.5/munakata%20%28sekimizu%20kazuki%29.jpg,1,1,1,1,1,1,1,1,1,0,0,0,0,0,0,0,0,0,1,0,0,0,0,0,0,0,0,0,0,0,0,0,0,0,0,0,0,0,0,0,0,0,0,0,0,0,0,0,0,0,0,0,0,0,0,0,0,0,0,0,0,0,0,0,0,0,0,0
nagiko (mangalove1111),Hentai,chastity,feminization,mind control,https://cdn.zele.st/data/NAX/Images/danbooru-artist-tags-v4.5/nagiko%20%28mangalove1111%29.jpg,1,0,1,1,1,1,0,0,0,1,1,0,0,0,0,1,0,0,1,0,0,0,0,0,0,0,0,0,0,0,0,0,0,0,0,0,0,0,0,0,0,0,0,0,0,0,0,0,0,0,0,0,0,0,0,0,0,0,0,0,0,0,0,0,0,0,0,0
nayt layt,Extreme,machine sex,chastity,bondage,https://cdn.zele.st/data/NAX/Images/danbooru-artist-tags-v4.5/nayt%20layt.jpg,0,0,0,1,0,1,1,1,0,1,1,1,1,1,1,0,0,0,1,0,0,0,0,0,0,0,0,0,0,0,0,0,0,0,0,0,0,0,0,0,0,0,0,0,0,0,0,0,0,0,0,0,0,0,0,0,0,0,0,0,0,0,0,0,0,0,0,0
nephlite,Hentai,oversized toy,chastity,feminization,https://cdn.zele.st/data/NAX/Images/danbooru-artist-tags-v4.5/nephlite.jpg,1,1,1,1,1,0,1,1,0,1,0,0,0,1,1,0,0,0,0,0,0,0,0,0,0,0,0,0,0,0,0,0,0,0,0,0,0,0,0,0,0,0,0,0,0,0,0,0,0,0,0,0,0,0,0,0,0,0,0,0,0,0,0,0,0,0,0,0
nicky w,Ecchi,chastity,feminization,futanari,https://cdn.zele.st/data/NAX/Images/danbooru-artist-tags-v4.5/nicky%20w.jpg,1,0,1,1,1,0,1,1,0,0,0,0,1,0,1,1,0,0,0,0,0,0,0,0,0,0,0,0,0,0,0,0,0,0,0,0,0,0,0,0,0,0,0,0,0,0,0,0,0,0,0,0,0,0,0,0,0,0,0,0,0,0,0,0,0,0,0,0
nin nakajima,Ecchi,bondage,oral sex,chastity,https://cdn.zele.st/data/NAX/Images/danbooru-artist-tags-v4.5/nin%20nakajima.jpg,0,1,0,1,0,0,1,1,1,0,1,0,1,0,1,1,0,0,0,0,0,0,0,0,0,0,0,0,0,0,0,0,0,0,0,0,0,0,0,0,0,0,0,0,0,0,0,0,0,0,0,0,0,0,0,0,0,0,0,0,0,0,0,0,0,0,0,0
nishiii26miii,Extreme,tentacle penetration,oversized toy,chastity,https://cdn.zele.st/data/NAX/Images/danbooru-artist-tags-v4.5/nishiii26miii.jpg,1,1,0,1,0,1,1,0,0,1,1,0,0,1,1,0,0,0,1,0,0,0,0,0,0,0,0,0,0,0,0,0,0,0,0,0,0,0,0,0,0,0,0,0,0,0,0,0,0,0,0,0,0,0,0,0,0,0,0,0,0,0,0,0,0,0,0,0
norizc,Hentai,chastity,dominant female,oversized toy,https://cdn.zele.st/data/NAX/Images/danbooru-artist-tags-v4.5/norizc.jpg,0,1,0,1,1,1,1,1,0,1,0,0,0,1,0,1,0,0,1,0,0,0,0,0,0,0,0,0,0,0,0,0,0,0,0,0,0,0,0,0,0,0,0,0,0,0,0,0,0,0,0,0,0,0,0,0,0,0,0,0,0,0,0,0,0,0,0,0
omone hokoma agm,Extreme,chastity,inflation,futanari,https://cdn.zele.st/data/NAX/Images/danbooru-artist-tags-v4.5/omone%20hokoma%20agm.jpg,1,1,0,1,1,0,0,0,0,1,1,1,1,0,0,0,0,0,0,0,0,0,0,0,0,0,0,0,0,0,0,0,0,0,0,0,0,0,0,0,0,0,0,0,0,0,0,0,0,0,0,0,0,0,0,0,0,0,0,0,0,0,0,0,0,0,0,0
oopartz yang,Hentai,oral sex,oversized toy,chastity,https://cdn.zele.st/data/NAX/Images/danbooru-artist-tags-v4.5/oopartz%20yang.jpg,0,0,0,1,0,1,1,0,1,1,1,0,0,1,1,1,0,0,1,0,0,0,0,0,0,0,0,0,0,0,0,0,0,0,0,0,0,0,0,0,0,0,0,0,0,0,0,0,0,0,0,0,0,0,0,0,0,0,0,0,0,0,0,0,0,0,0,0
oshiri seijin,Hentai,bimbofication,chastity,hypnosis,https://cdn.zele.st/data/NAX/Images/danbooru-artist-tags-v4.5/oshiri%20seijin.jpg,1,0,1,1,1,0,1,0,1,0,1,1,0,0,0,1,0,0,0,0,0,0,0,0,0,0,0,0,0,0,0,0,0,0,0,0,0,0,0,0,0,0,0,0,0,0,0,0,0,0,0,0,0,0,0,0,0,0,0,0,0,0,0,0,0,0,0,0
piaki,Ecchi,tentacle penetration,chastity,inflation,https://cdn.zele.st/data/NAX/Images/danbooru-artist-tags-v4.5/piaki.jpg,1,1,0,1,0,0,0,1,1,1,0,0,1,0,1,0,0,0,0,0,0,0,0,0,0,0,0,0,0,0,0,0,0,0,0,0,0,0,0,0,0,0,0,0,0,0,0,0,0,0,0,0,0,0,0,0,0,0,0,0,0,0,0,0,0,0,0,0
piyokichi,Hentai,hypnosis,inflation,chastity,https://cdn.zele.st/data/NAX/Images/danbooru-artist-tags-v4.5/piyokichi.jpg,1,0,1,1,1,0,0,0,0,0,1,1,1,0,1,1,0,0,0,0,0,0,0,0,0,0,0,0,0,0,0,0,0,0,0,0,0,0,0,0,0,0,0,0,0,0,0,0,0,0,0,0,0,0,0,0,0,0,0,0,0,0,0,0,0,0,0,0
pochi (pochi-goya),Ecchi,chastity,pegging,machine sex,https://cdn.zele.st/data/NAX/Images/danbooru-artist-tags-v4.5/pochi%20%28pochi-goya%29.jpg,0,0,1,1,0,1,0,1,1,1,0,0,1,0,1,0,0,0,1,0,0,0,0,0,0,0,0,0,0,0,0,0,0,0,0,0,0,0,0,0,0,0,0,0,0,0,0,0,0,0,0,0,0,0,0,0,0,0,0,0,0,0,0,0,0,0,0,0
r123,Hentai,chastity,hypnosis,anal,https://cdn.zele.st/data/NAX/Images/danbooru-artist-tags-v4.5/r123.jpg,1,0,1,1,0,1,1,0,0,0,1,1,0,1,0,1,0,0,1,0,0,0,0,0,0,0,0,0,0,0,0,0,0,0,0,0,0,0,0,0,0,0,0,0,0,0,0,0,0,0,0,0,0,0,0,0,0,0,0,0,0,0,0,0,0,0,0,0
roki (hirokix),Hentai,bimbofication,pegging,chastity,https://cdn.zele.st/data/NAX/Images/danbooru-artist-tags-v4.5/roki%20%28hirokix%29.jpg,0,1,1,1,1,0,1,0,1,1,0,1,1,0,0,0,0,0,0,0,0,0,0,0,0,0,0,0,0,0,0,0,0,0,0,0,0,0,0,0,0,0,0,0,0,0,0,0,0,0,0,0,0,0,0,0,0,0,0,0,0,0,0,0,0,0,0,0
ryuuzaki ichi,Ecchi,chastity,anal,mind control,https://cdn.zele.st/data/NAX/Images/danbooru-artist-tags-v4.5/ryuuzaki%20ichi.jpg,1,0,0,1,1,0,0,0,0,0,1,1,1,1,0,1,0,0,0,0,0,0,0,0,0,0,0,0,0,0,0,0,0,0,0,0,0,0,0,0,0,0,0,0,0,0,0,0,0,0,0,0,0,0,0,0,0,0,0,0,0,0,0,0,0,0,0,0
scottie (phantom2),Hentai,chastity,futanari,anal,https://cdn.zele.st/data/NAX/Images/danbooru-artist-tags-v4.5/scottie%20%28phantom2%29.jpg,1,1,1,1,0,0,0,1,1,0,0,1,1,0,0,1,0,0,0,0,0,0,0,0,0,0,0,0,0,0,0,0,0,0,0,0,0,0,0,0,0,0,0,0,0,0,0,0,0,0,0,0,0,0,0,0,0,0,0,0,0,0,0,0,0,0,0,0
senmu (senmudayo),Ecchi,sissification,chastity,bimbofication,https://cdn.zele.st/data/NAX/Images/danbooru-artist-tags-v4.5/senmu%20%28senmudayo%29.jpg,1,0,0,1,0,0,1,0,1,1,1,1,0,1,1,0,0,0,0,0,0,0,0,0,0,0,0,0,0,0,0,0,0,0,0,0,0,0,0,0,0,0,0,0,0,0,0,0,0,0,0,0,0,0,0,0,0,0,0,0,0,0,0,0,0,0,0,0
shiratama (shiratamaco),Ecchi,chastity,tentacle penetration,anal,https://cdn.zele.st/data/NAX/Images/danbooru-artist-tags-v4.5/shiratama%20%28shiratamaco%29.jpg,1,1,0,1,1,1,0,0,0,1,0,1,1,1,0,0,0,0,1,0,0,0,0,0,0,0,0,0,0,0,0,0,0,0,0,0,0,0,0,0,0,0,0,0,0,0,0,0,0,0,0,0,0,0,0,0,0,0,0,0,0,0,0,0,0,0,0,0
skade,Hentai,chastity,anal,bimbofication,https://cdn.zele.st/data/NAX/Images/danbooru-artist-tags-v4.5/skade.jpg,0,0,0,1,0,0,1,1,1,0,1,1,1,1,0,0,0,0,0,0,0,0,0,0,0,0,0,0,0,0,0,0,0,0,0,0,0,0,0,0,0,0,0,0,0,0,0,0,0,0,0,0,0,0,0,0,0,0,0,0,0,0,0,0,0,0,0,0
soejima shigenori,Hentai,bimbofication,chastity,oversized toy,https://cdn.zele.st/data/NAX/Images/danbooru-artist-tags-v4.5/soejima%20shigenori.jpg,0,0,1,1,0,0,1,1,0,1,1,1,1,1,0,0,0,0,0,0,0,0,0,0,0,0,0,0,0,0,0,0,0,0,0,0,0,0,0,0,0,0,0,0,0,0,0,0,0,0,0,0,0,0,0,0,0,0,0,0,0,0,0,0,0,0,0,0
sui (petit comet),Hentai,bondage,chastity,bimbofication,https://cdn.zele.st/data/NAX/Images/danbooru-artist-tags-v4.5/sui%20%28petit%20comet%29.jpg,0,0,0,1,1,0,1,1,1,1,0,0,1,0,0,0,0,0,0,0,0,0,0,0,0,0,0,0,0,0,0,0,0,0,0,0,0,0,0,0,0,0,0,0,0,0,0,0,0,0,0,0,0,0,0,0,0,0,0,0,0,0,0,0,0,0,0,0
svveetberry,Ecchi,mind control,chastity,oversized toy,https://cdn.zele.st/data/NAX/Images/danbooru-artist-tags-v4.5/svveetberry.jpg,1,0,0,1,1,0,0,0,0,0,0,1,1,1,1,0,0,0,0,0,0,0,0,0,0,0,0,0,0,0,0,0,0,0,0,0,0,0,0,0,0,0,0,0,0,0,0,0,0,0,0,0,0,0,0,0,0,0,0,0,0,0,0,0,0,0,0,0
wokada,Ecchi,dominant female,anal,chastity,https://cdn.zele.st/data/NAX/Images/danbooru-artist-tags-v4.5/wokada.jpg,0,1,0,1,0,0,1,1,0,1,0,1,0,0,1,1,0,0,0,0,0,0,0,0,0,0,0,0,0,0,0,0,0,0,0,0,0,0,0,0,0,0,0,0,0,0,0,0,0,0,0,0,0,0,0,0,0,0,0,0,0,0,0,0,0,0,0,0
xuuikie ashe,Hentai,chastity,futanari,pegging,https://cdn.zele.st/data/NAX/Images/danbooru-artist-tags-v4.5/xuuikie%20ashe.jpg,1,0,1,1,0,0,1,0,1,1,0,1,1,0,1,0,0,0,0,0,0,0,0,0,0,0,0,0,0,0,0,0,0,0,0,0,0,0,0,0,0,0,0,0,0,0,0,0,0,0,0,0,0,0,0,0,0,0,0,0,0,0,0,0,0,0,0,0
yasukuni kazumasa,Ecchi,chastity,oversized toy,machine sex,https://cdn.zele.st/data/NAX/Images/danbooru-artist-tags-v4.5/yasukuni%20kazumasa.jpg,0,0,1,1,0,1,1,0,0,1,1,0,1,1,0,0,0,0,1,0,0,0,0,0,0,0,0,0,0,0,0,0,0,0,0,0,0,0,0,0,0,0,0,0,0,0,0,0,0,0,0,0,0,0,0,0,0,0,0,0,0,0,0,0,0,0,0,0
yoshiron,Hentai,chastity,dominant female,sissification,https://cdn.zele.st/data/NAX/Images/danbooru-artist-tags-v4.5/yoshiron.jpg,1,1,0,1,0,0,0,1,0,1,1,1,0,0,1,1,0,0,0,0,0,0,0,0,0,0,0,0,0,0,0,0,0,0,0,0,0,0,0,0,0,0,0,0,0,0,0,0,0,0,0,0,0,0,0,0,0,0,0,0,0,0,0,0,0,0,0,0
yoshizane akihiro,Hentai,pegging,chastity,tentacle penetration,https://cdn.zele.st/data/NAX/Images/danbooru-artist-tags-v4.5/yoshizane%20akihiro.jpg,0,1,1,1,0,0,0,1,1,1,1,0,1,1,0,1,0,0,0,0,0,0,0,0,0,0,0,0,0,0,0,0,0,0,0,0,0,0,0,0,0,0,0,0,0,0,0,0,0,0,0,0,0,0,0,0,0,0,0,0,0,0,0,0,0,0,0,0
yt (wai-tei),Hentai,anal,chastity,futanari,https://cdn.zele.st/data/NAX/Images/danbooru-artist-tags-v4.5/yt%20%28wai-tei%29.jpg,1,1,0,1,0,1,0,0,0,1,1,1,1,1,0,0,0,0,1,0,0,0,0,0,0,0,0,0,0,0,0,0,0,0,0,0,0,0,0,0,0,0,0,0,0,0,0,0,0,0,0,0,0,0,0,0,0,0,0,0,0,0,0,0,0,0,0,0
yukari (rihenara doll),Hentai,bondage,mind control,chastity,https://cdn.zele.st/data/NAX/Images/danbooru-artist-tags-v4.5/yukari%20%28rihenara%20doll%29.jpg,0,0,0,1,1,1,1,1,0,1,1,1,0,0,0,1,0,0,1,0,0,0,0,0,0,0,0,0,0,0,0,0,0,0,0,0,0,0,0,0,0,0,0,0,0,0,0,0,0,0,0,0,0,0,0,0,0,0,0,0,0,0,0,0,0,0,0,0
zoruboi,Ecchi,chastity,tentacle penetration,mind control,https://cdn.zele.st/data/NAX/Images/danbooru-artist-tags-v4.5/zoruboi.jpg,1,1,0,1,1,0,0,0,1,1,0,1,0,0,0,0,0,0,0,0,0,0,0,0,0,0,0,0,0,0,0,0,0,0,0,0,0,0,0,0,0,0,0,0,0,0,0,0,0,0,0,0,0,0,0,0,0,0,0,0,0,0,0,0,0,0,0,0
zounose,Hentai,tentacle penetration,chastity,oral sex,https://cdn.zele.st/data/NAX/Images/danbooru-artist-tags-v4.5/zounose.jpg,1,1,0,1,0,1,0,1,1,0,0,1,0,0,1,0,0,0,1,0,0,0,0,0,0,0,0,0,0,0,0,0,0,0,0,0,0,0,0,0,0,0,0,0,0,0,0,0,0,0,0,0,0,0,0,0,0,0,0,0,0,0,0,0,0,0,0,0
1nilla',Ecchi,chastity,machine sex,bimbofication,https://cdn.zele.st/data/NAX/Images/danbooru-artist-tags-v4.5/1nilla%27.jpg,1,1,0,1,1,1,1,0,1,1,0,1,1,0,0,0,0,0,1,0,0,0,0,0,0,0,0,0,0,0,0,0,0,0,0,0,0,0,0,0,0,0,0,0,0,0,0,0,0,0,0,0,0,0,0,0,0,0,0,0,0,0,0,0,0,0,0,0
258n,Hentai,chastity,bondage,feminization,https://cdn.zele.st/data/NAX/Images/danbooru-artist-tags-v4.5/258n.jpg,0,1,1,1,0,0,1,1,1,0,0,0,1,1,1,0,0,0,0,0,0,0,0,0,0,0,0,0,0,0,0,0,0,0,0,0,0,0,0,0,0,0,0,0,0,0,0,0,0,0,0,0,0,0,0,0,0,0,0,0,0,0,0,0,0,0,0,0
2c=galore,Extreme,oversized toy,anal,chastity,https://cdn.zele.st/data/NAX/Images/danbooru-artist-tags-v4.5/2c%3Dgalore.jpg,1,0,0,1,1,0,1,1,1,0,1,1,0,1,0,0,0,0,0,0,0,0,0,0,0,0,0,0,0,0,0,0,0,0,0,0,0,0,0,0,0,0,0,0,0,0,0,0,0,0,0,0,0,0,0,0,0,0,0,0,0,0,0,0,0,0,0,0
2gong (9ujin ),Hentai,inflation,sissification,chastity,https://cdn.zele.st/data/NAX/Images/danbooru-artist-tags-v4.5/2gong%20%289ujin%20%29.jpg,1,0,1,1,0,0,1,0,0,1,0,1,1,0,1,1,0,0,0,0,0,0,0,0,0,0,0,0,0,0,0,0,0,0,0,0,0,0,0,0,0,0,0,0,0,0,0,0,0,0,0,0,0,0,0,0,0,0,0,0,0,0,0,0,0,0,0,0
2l (2lsize),Hentai,sissification,chastity,tentacle penetration,https://cdn.zele.st/data/NAX/Images/danbooru-artist-tags-v4.5/2l%20%282lsize%29.jpg,1,1,1,1,1,0,0,0,1,1,0,1,1,0,0,1,0,0,0,0,0,0,0,0,0,0,0,0,0,0,0,0,0,0,0,0,0,0,0,0,0,0,0,0,0,0,0,0,0,0,0,0,0,0,0,0,0,0,0,0,0,0,0,0,0,0,0,0
3.14,Extreme,chastity,tentacle penetration,feminization,https://cdn.zele.st/data/NAX/Images/danbooru-artist-tags-v4.5/3.14.jpg,1,1,1,1,0,1,1,1,0,0,1,0,0,0,1,0,0,0,1,0,0,0,0,0,0,0,0,0,0,0,0,0,0,0,0,0,0,0,0,0,0,0,0,0,0,0,0,0,0,0,0,0,0,0,0,0,0,0,0,0,0,0,0,0,0,0,0,0
34no404,Extreme,feminization,chastity,sissification,https://cdn.zele.st/data/NAX/Images/danbooru-artist-tags-v4.5/34no404.jpg,1,1,1,1,0,1,0,0,1,1,0,1,0,1,1,0,0,0,1,0,0,0,0,0,0,0,0,0,0,0,0,0,0,0,0,0,0,0,0,0,0,0,0,0,0,0,0,0,0,0,0,0,0,0,0,0,0,0,0,0,0,0,0,0,0,0,0,0
3four,Ecchi,oversized toy,hypnosis,chastity,https://cdn.zele.st/data/NAX/Images/danbooru-artist-tags-v4.5/3four.jpg,1,0,0,1,1,0,1,1,1,0,1,0,0,1,0,1,0,0,0,0,0,0,0,0,0,0,0,0,0,0,0,0,0,0,0,0,0,0,0,0,0,0,0,0,0,0,0,0,0,0,0,0,0,0,0,0,0,0,0,0,0,0,0,0,0,0,0,0
3u,Hentai,pegging,machine sex,chastity,https://cdn.zele.st/data/NAX/Images/danbooru-artist-tags-v4.5/3u.jpg,1,0,1,1,0,1,0,1,1,1,0,0,0,0,1,0,0,0,1,0,0,0,0,0,0,0,0,0,0,0,0,0,0,0,0,0,0,0,0,0,0,0,0,0,0,0,0,0,0,0,0,0,0,0,0,0,0,0,0,0,0,0,0,0,0,0,0,0
4690 (tkpbsk),Hentai,chastity,oversized toy,feminization,https://cdn.zele.st/data/NAX/Images/danbooru-artist-tags-v4.5/4690%20%28tkpbsk%29.jpg,1,1,1,1,0,0,0,1,0,1,1,1,1,1,0,0,0,0,0,0,0,0,0,0,0,0,0,0,0,0,0,0,0,0,0,0,0,0,0,0,0,0,0,0,0,0,0,0,0,0,0,0,0,0,0,0,0,0,0,0,0,0,0,0,0,0,0,0
4qw5,Ecchi,sissification,chastity,oral sex,https://cdn.zele.st/data/NAX/Images/danbooru-artist-tags-v4.5/4qw5.jpg,1,0,0,1,0,1,0,1,0,1,1,0,0,1,1,0,0,0,1,0,0,0,0,0,0,0,0,0,0,0,0,0,0,0,0,0,0,0,0,0,0,0,0,0,0,0,0,0,0,0,0,0,0,0,0,0,0,0,0,0,0,0,0,0,0,0,0,0
54hao,Ecchi,chastity,pegging,hypnosis,https://cdn.zele.st/data/NAX/Images/danbooru-artist-tags-v4.5/54hao.jpg,0,0,0,1,1,0,0,1,1,1,1,0,0,1,1,0,0,0,0,0,0,0,0,0,0,0,0,0,0,0,0,0,0,0,0,0,0,0,0,0,0,0,0,0,0,0,0,0,0,0,0,0,0,0,0,0,0,0,0,0,0,0,0,0,0,0,0,0
5saiji,Hentai,pegging,machine sex,chastity,https://cdn.zele.st/data/NAX/Images/danbooru-artist-tags-v4.5/5saiji.jpg,0,1,0,1,0,1,1,1,1,0,1,0,0,0,1,0,0,0,1,0,0,0,0,0,0,0,0,0,0,0,0,0,0,0,0,0,0,0,0,0,0,0,0,0,0,0,0,0,0,0,0,0,0,0,0,0,0,0,0,0,0,0,0,0,0,0,0,0
5t (5t 000),Hentai,chastity,mind control,tentacle penetration,https://cdn.zele.st/data/NAX/Images/danbooru-artist-tags-v4.5/5t%20%285t%20000%29.jpg,0,1,0,1,1,1,0,0,1,1,0,0,1,0,0,1,0,0,1,0,0,0,0,0,0,0,0,0,0,0,0,0,0,0,0,0,0,0,0,0,0,0,0,0,0,0,0,0,0,0,0,0,0,0,0,0,0,0,0,0,0,0,0,0,0,0,0,0
60mai,Hentai,mind control,chastity,bimbofication,https://cdn.zele.st/data/NAX/Images/danbooru-artist-tags-v4.5/60mai.jpg,1,1,1,1,1,0,1,0,1,0,0,0,1,0,0,1,0,0,0,0,0,0,0,0,0,0,0,0,0,0,0,0,0,0,0,0,0,0,0,0,0,0,0,0,0,0,0,0,0,0,0,0,0,0,0,0,0,0,0,0,0,0,0,0,0,0,0,0
6 (yuchae),Hentai,chastity,pegging,oversized toy,https://cdn.zele.st/data/NAX/Images/danbooru-artist-tags-v4.5/6%20%28yuchae%29.jpg,0,1,1,1,1,1,0,0,1,0,1,1,0,1,0,0,0,0,1,0,0,0,0,0,0,0,0,0,0,0,0,0,0,0,0,0,0,0,0,0,0,0,0,0,0,0,0,0,0,0,0,0,0,0,0,0,0,0,0,0,0,0,0,0,0,0,0,0
7 calpis 7,Hentai,oral sex,futanari,chastity,https://cdn.zele.st/data/NAX/Images/danbooru-artist-tags-v4.5/7%20calpis%207.jpg,1,1,1,1,0,1,0,1,0,0,0,1,0,0,1,1,0,0,1,0,0,0,0,0,0,0,0,0,0,0,0,0,0,0,0,0,0,0,0,0,0,0,0,0,0,0,0,0,0,0,0,0,0,0,0,0,0,0,0,0,0,0,0,0,0,0,0,0
770mk,Hentai,mind control,inflation,chastity,https://cdn.zele.st/data/NAX/Images/danbooru-artist-tags-v4.5/770mk.jpg,1,0,1,1,1,0,1,0,1,1,0,0,1,0,0,0,0,0,0,0,0,0,0,0,0,0,0,0,0,0,0,0,0,0,0,0,0,0,0,0,0,0,0,0,0,0,0,0,0,0,0,0,0,0,0,0,0,0,0,0,0,0,0,0,0,0,0,0
7aka ne11,Hentai,mind control,chastity,bondage,https://cdn.zele.st/data/NAX/Images/danbooru-artist-tags-v4.5/7aka%20ne11.jpg,0,0,1,1,1,1,1,1,0,1,0,0,0,0,1,1,0,0,1,0,0,0,0,0,0,0,0,0,0,0,0,0,0,0,0,0,0,0,0,0,0,0,0,0,0,0,0,0,0,0,0,0,0,0,0,0,0,0,0,0,0,0,0,0,0,0,0,0
80isiiii,Extreme,tentacle penetration,pegging,chastity,https://cdn.zele.st/data/NAX/Images/danbooru-artist-tags-v4.5/80isiiii.jpg,1,1,1,1,0,1,0,0,1,0,1,0,0,1,0,1,0,0,1,0,0,0,0,0,0,0,0,0,0,0,0,0,0,0,0,0,0,0,0,0,0,0,0,0,0,0,0,0,0,0,0,0,0,0,0,0,0,0,0,0,0,0,0,0,0,0,0,0
82jhin,Extreme,sissification,feminization,chastity,https://cdn.zele.st/data/NAX/Images/danbooru-artist-tags-v4.5/82jhin.jpg,0,1,1,1,0,0,0,1,0,1,0,1,1,1,0,1,0,0,0,0,0,0,0,0,0,0,0,0,0,0,0,0,0,0,0,0,0,0,0,0,0,0,0,0,0,0,0,0,0,0,0,0,0,0,0,0,0,0,0,0,0,0,0,0,0,0,0,0
92m,Extreme,bimbofication,pegging,chastity,https://cdn.zele.st/data/NAX/Images/danbooru-artist-tags-v4.5/92m.jpg,1,0,1,1,1,1,1,0,1,0,0,0,1,0,0,0,0,0,1,0,0,0,0,0,0,0,0,0,0,0,0,0,0,0,0,0,0,0,0,0,0,0,0,0,0,0,0,0,0,0,0,0,0,0,0,0,0,0,0,0,0,0,0,0,0,0,0,0
a jak,Hentai,bondage,anal,chastity,https://cdn.zele.st/data/NAX/Images/danbooru-artist-tags-v4.5/a%20jak.jpg,1,0,1,1,0,0,0,1,1,0,0,1,1,0,0,0,0,0,0,0,0,0,0,0,0,0,0,0,0,0,0,0,0,0,0,0,0,0,0,0,0,0,0,0,0,0,0,0,0,0,0,0,0,0,0,0,0,0,0,0,0,0,0,0,0,0,0,0
a9b (louis814),Hentai,chastity,futanari,machine sex,https://cdn.zele.st/data/NAX/Images/danbooru-artist-tags-v4.5/a9b%20%28louis814%29.jpg,1,0,0,1,1,1,0,0,1,1,0,0,1,0,1,1,0,0,1,0,0,0,0,0,0,0,0,0,0,0,0,0,0,0,0,0,0,0,0,0,0,0,0,0,0,0,0,0,0,0,0,0,0,0,0,0,0,0,0,0,0,0,0,0,0,0,0,0
aamond,Hentai,hypnosis,tentacle penetration,chastity,https://cdn.zele.st/data/NAX/Images/danbooru-artist-tags-v4.5/aamond.jpg,0,1,1,1,0,0,1,0,1,0,1,0,1,1,0,0,0,0,0,0,0,0,0,0,0,0,0,0,0,0,0,0,0,0,0,0,0,0,0,0,0,0,0,0,0,0,0,0,0,0,0,0,0,0,0,0,0,0,0,0,0,0,0,0,0,0,0,0
aayh,Hentai,chastity,futanari,mind control,https://cdn.zele.st/data/NAX/Images/danbooru-artist-tags-v4.5/aayh.jpg,1,0,1,1,1,1,0,0,1,0,1,1,0,1,0,0,0,0,1,0,0,0,0,0,0,0,0,0,0,0,0,0,0,0,0,0,0,0,0,0,0,0,0,0,0,0,0,0,0,0,0,0,0,0,0,0,0,0,0,0,0,0,0,0,0,0,0,0
abaratani kurou,Extreme,oversized toy,chastity,mind control,https://cdn.zele.st/data/NAX/Images/danbooru-artist-tags-v4.5/abaratani%20kurou.jpg,0,1,0,1,1,1,0,0,0,0,1,1,0,1,1,1,0,0,1,0,0,0,0,0,0,0,0,0,0,0,0,0,0,0,0,0,0,0,0,0,0,0,0,0,0,0,0,0,0,0,0,0,0,0,0,0,0,0,0,0,0,0,0,0,0,0,0,0
abe inori,Extreme,chastity,bimbofication,futanari,https://cdn.zele.st/data/NAX/Images/danbooru-artist-tags-v4.5/abe%20inori.jpg,1,0,1,1,1,0,1,0,1,0,0,1,0,0,1,1,0,0,0,0,0,0,0,0,0,0,0,0,0,0,0,0,0,0,0,0,0,0,0,0,0,0,0,0,0,0,0,0,0,0,0,0,0,0,0,0,0,0,0,0,0,0,0,0,0,0,0,0
abubu,Hentai,chastity,bondage,tentacle penetration,https://cdn.zele.st/data/NAX/Images/danbooru-artist-tags-v4.5/abubu.jpg,0,1,1,1,0,0,1,1,1,0,0,0,0,0,1,0,0,0,0,0,0,0,0,0,0,0,0,0,0,0,0,0,0,0,0,0,0,0,0,0,0,0,0,0,0,0,0,0,0,0,0,0,0,0,0,0,0,0,0,0,0,0,0,0,0,0,0,0
aburaeoyaji,Extreme,chastity,anal,inflation,https://cdn.zele.st/data/NAX/Images/danbooru-artist-tags-v4.5/aburaeoyaji.jpg,1,0,0,1,0,0,0,0,1,0,0,1,1,1,1,1,0,0,0,0,0,0,0,0,0,0,0,0,0,0,0,0,0,0,0,0,0,0,0,0,0,0,0,0,0,0,0,0,0,0,0,0,0,0,0,0,0,0,0,0,0,0,0,0,0,0,0,0
abutomato,Extreme,inflation,chastity,feminization,https://cdn.zele.st/data/NAX/Images/danbooru-artist-tags-v4.5/abutomato.jpg,0,1,1,1,0,0,0,1,1,0,1,0,1,0,0,1,0,0,0,0,0,0,0,0,0,0,0,0,0,0,0,0,0,0,0,0,0,0,0,0,0,0,0,0,0,0,0,0,0,0,0,0,0,0,0,0,0,0,0,0,0,0,0,0,0,0,0,0
acryl,Ecchi,chastity,futanari,oversized toy,https://cdn.zele.st/data/NAX/Images/danbooru-artist-tags-v4.5/acryl.jpg,1,0,1,1,0,1,0,0,0,1,1,0,0,1,0,1,0,0,1,0,0,0,0,0,0,0,0,0,0,0,0,0,0,0,0,0,0,0,0,0,0,0,0,0,0,0,0,0,0,0,0,0,0,0,0,0,0,0,0,0,0,0,0,0,0,0,0,0
act (xadachit),Ecchi,tentacle penetration,inflation,chastity,https://cdn.zele.st/data/NAX/Images/danbooru-artist-tags-v4.5/act%20%28xadachit%29.jpg,0,1,0,1,1,1,0,0,0,0,1,0,1,1,0,1,0,0,1,0,0,0,0,0,0,0,0,0,0,0,0,0,0,0,0,0,0,0,0,0,0,0,0,0,0,0,0,0,0,0,0,0,0,0,0,0,0,0,0,0,0,0,0,0,0,0,0,0
adachi yousuke,Hentai,chastity,tentacle penetration,futanari,https://cdn.zele.st/data/NAX/Images/danbooru-artist-tags-v4.5/adachi%20yousuke.jpg,1,1,1,1,1,1,1,0,1,0,0,0,0,0,1,0,0,0,1,0,0,0,0,0,0,0,0,0,0,0,0,0,0,0,0,0,0,0,0,0,0,0,0,0,0,0,0,0,0,0,0,0,0,0,0,0,0,0,0,0,0,0,0,0,0,0,0,0
aelion draws,Extreme,pegging,chastity,bondage,https://cdn.zele.st/data/NAX/Images/danbooru-artist-tags-v4.5/aelion%20draws.jpg,1,0,0,1,1,0,0,1,1,1,1,0,0,0,0,1,0,0,0,0,0,0,0,0,0,0,0,0,0,0,0,0,0,0,0,0,0,0,0,0,0,0,0,0,0,0,0,0,0,0,0,0,0,0,0,0,0,0,0,0,0,0,0,0,0,0,0,0
aer (tengqiu),Hentai,bimbofication,chastity,feminization,https://cdn.zele.st/data/NAX/Images/danbooru-artist-tags-v4.5/aer%20%28tengqiu%29.jpg,0,1,1,1,1,0,1,0,1,1,1,0,0,0,0,0,0,0,0,0,0,0,0,0,0,0,0,0,0,0,0,0,0,0,0,0,0,0,0,0,0,0,0,0,0,0,0,0,0,0,0,0,0,0,0,0,0,0,0,0,0,0,0,0,0,0,0,0
afnroll,Hentai,sissification,chastity,feminization,https://cdn.zele.st/data/NAX/Images/danbooru-artist-tags-v4.5/afnroll.jpg,0,1,1,1,0,0,1,1,0,1,1,0,0,1,0,1,0,0,0,0,0,0,0,0,0,0,0,0,0,0,0,0,0,0,0,0,0,0,0,0,0,0,0,0,0,0,0,0,0,0,0,0,0,0,0,0,0,0,0,0,0,0,0,0,0,0,0,0
afukuro,Hentai,mind control,hypnosis,chastity,https://cdn.zele.st/data/NAX/Images/danbooru-artist-tags-v4.5/afukuro.jpg,0,0,0,1,1,1,1,0,1,1,1,0,1,0,1,0,0,0,1,0,0,0,0,0,0,0,0,0,0,0,0,0,0,0,0,0,0,0,0,0,0,0,0,0,0,0,0,0,0,0,0,0,0,0,0,0,0,0,0,0,0,0,0,0,0,0,0,0
agekichi (heart shape),Extreme,anal,chastity,bondage,https://cdn.zele.st/data/NAX/Images/danbooru-artist-tags-v4.5/agekichi%20%28heart%20shape%29.jpg,0,1,0,1,0,1,0,1,1,1,1,1,0,1,0,0,0,0,1,0,0,0,0,0,0,0,0,0,0,0,0,0,0,0,0,0,0,0,0,0,0,0,0,0,0,0,0,0,0,0,0,0,0,0,0,0,0,0,0,0,0,0,0,0,0,0,0,0
agenasu,Extreme,chastity,oral sex,feminization,https://cdn.zele.st/data/NAX/Images/danbooru-artist-tags-v4.5/agenasu.jpg,0,0,1,1,1,1,0,0,1,1,0,1,1,0,1,1,0,0,1,0,0,0,0,0,0,0,0,0,0,0,0,0,0,0,0,0,0,0,0,0,0,0,0,0,0,0,0,0,0,0,0,0,0,0,0,0,0,0,0,0,0,0,0,0,0,0,0,0
agoto,Extreme,sissification,oversized toy,chastity,https://cdn.zele.st/data/NAX/Images/danbooru-artist-tags-v4.5/agoto.jpg,1,0,0,1,1,0,1,1,0,1,1,1,0,1,1,0,0,0,0,0,0,0,0,0,0,0,0,0,0,0,0,0,0,0,0,0,0,0,0,0,0,0,0,0,0,0,0,0,0,0,0,0,0,0,0,0,0,0,0,0,0,0,0,0,0,0,0,0
agovitch,Extreme,chastity,machine sex,dominant female,https://cdn.zele.st/data/NAX/Images/danbooru-artist-tags-v4.5/agovitch.jpg,0,1,0,1,0,1,1,1,0,0,0,1,0,1,0,1,0,0,1,0,0,0,0,0,0,0,0,0,0,0,0,0,0,0,0,0,0,0,0,0,0,0,0,0,0,0,0,0,0,0,0,0,0,0,0,0,0,0,0,0,0,0,0,0,0,0,0,0
aida yuu,Hentai,sissification,chastity,bimbofication,https://cdn.zele.st/data/NAX/Images/danbooru-artist-tags-v4.5/aida%20yuu.jpg,1,1,0,1,0,1,1,0,1,1,0,1,1,0,0,0,0,0,1,0,0,0,0,0,0,0,0,0,0,0,0,0,0,0,0,0,0,0,0,0,0,0,0,0,0,0,0,0,0,0,0,0,0,0,0,0,0,0,0,0,0,0,0,0,0,0,0,0
aimpoleume,Hentai,oversized toy,hypnosis,chastity,https://cdn.zele.st/data/NAX/Images/danbooru-artist-tags-v4.5/aimpoleume.jpg,0,0,1,1,1,0,1,1,0,1,1,0,0,1,0,1,0,0,0,0,0,0,0,0,0,0,0,0,0,0,0,0,0,0,0,0,0,0,0,0,0,0,0,0,0,0,0,0,0,0,0,0,0,0,0,0,0,0,0,0,0,0,0,0,0,0,0,0
ainy,Hentai,tentacle penetration,chastity,inflation,https://cdn.zele.st/data/NAX/Images/danbooru-artist-tags-v4.5/ainy.jpg,0,1,0,1,1,0,0,1,0,1,1,1,1,0,0,1,0,0,0,0,0,0,0,0,0,0,0,0,0,0,0,0,0,0,0,0,0,0,0,0,0,0,0,0,0,0,0,0,0,0,0,0,0,0,0,0,0,0,0,0,0,0,0,0,0,0,0,0
aioi u,Extreme,mind control,dominant female,chastity,https://cdn.zele.st/data/NAX/Images/danbooru-artist-tags-v4.5/aioi%20u.jpg,0,1,0,1,1,1,1,0,0,0,0,0,0,1,0,1,0,0,1,0,0,0,0,0,0,0,0,0,0,0,0,0,0,0,0,0,0,0,0,0,0,0,0,0,0,0,0,0,0,0,0,0,0,0,0,0,0,0,0,0,0,0,0,0,0,0,0,0
airandou,Hentai,tentacle penetration,chastity,hypnosis,https://cdn.zele.st/data/NAX/Images/danbooru-artist-tags-v4.5/airandou.jpg,1,1,0,1,1,1,0,0,0,0,1,1,0,0,0,1,0,0,1,0,0,0,0,0,0,0,0,0,0,0,0,0,0,0,0,0,0,0,0,0,0,0,0,0,0,0,0,0,0,0,0,0,0,0,0,0,0,0,0,0,0,0,0,0,0,0,0,0
aiwo o lite,Extreme,bondage,chastity,bimbofication,https://cdn.zele.st/data/NAX/Images/danbooru-artist-tags-v4.5/aiwo%20o%20lite.jpg,0,1,1,1,0,0,1,1,0,1,1,0,0,0,0,1,0,0,0,0,0,0,0,0,0,0,0,0,0,0,0,0,0,0,0,0,0,0,0,0,0,0,0,0,0,0,0,0,0,0,0,0,0,0,0,0,0,0,0,0,0,0,0,0,0,0,0,0
aizawa sachi,Hentai,chastity,sissification,mind control,https://cdn.zele.st/data/NAX/Images/danbooru-artist-tags-v4.5/aizawa%20sachi.jpg,1,0,1,1,1,0,0,1,0,1,0,1,1,0,0,1,0,0,0,0,0,0,0,0,0,0,0,0,0,0,0,0,0,0,0,0,0,0,0,0,0,0,0,0,0,0,0,0,0,0,0,0,0,0,0,0,0,0,0,0,0,0,0,0,0,0,0,0
aji (sakanaaj1),Hentai,chastity,hypnosis,oversized toy,https://cdn.zele.st/data/NAX/Images/danbooru-artist-tags-v4.5/aji%20%28sakanaaj1%29.jpg,0,1,0,1,1,0,1,0,0,1,1,0,0,1,1,1,0,0,0,0,0,0,0,0,0,0,0,0,0,0,0,0,0,0,0,0,0,0,0,0,0,0,0,0,0,0,0,0,0,0,0,0,0,0,0,0,0,0,0,0,0,0,0,0,0,0,0,0
ajino (sakanahen),Hentai,feminization,mind control,chastity,https://cdn.zele.st/data/NAX/Images/danbooru-artist-tags-v4.5/ajino%20%28sakanahen%29.jpg,0,0,1,1,1,1,1,1,0,1,0,1,0,1,0,0,0,0,1,0,0,0,0,0,0,0,0,0,0,0,0,0,0,0,0,0,0,0,0,0,0,0,0,0,0,0,0,0,0,0,0,0,0,0,0,0,0,0,0,0,0,0,0,0,0,0,0,0
ajishio,Extreme,bimbofication,chastity,anal,https://cdn.zele.st/data/NAX/Images/danbooru-artist-tags-v4.5/ajishio.jpg,1,0,0,1,1,1,1,0,0,0,1,1,1,1,0,0,0,0,1,0,0,0,0,0,0,0,0,0,0,0,0,0,0,0,0,0,0,0,0,0,0,0,0,0,0,0,0,0,0,0,0,0,0,0,0,0,0,0,0,0,0,0,0,0,0,0,0,0
akagi rio,Ecchi,futanari,chastity,oversized toy,https://cdn.zele.st/data/NAX/Images/danbooru-artist-tags-v4.5/akagi%20rio.jpg,1,1,0,1,0,0,1,0,0,0,1,0,0,1,1,1,0,0,0,0,0,0,0,0,0,0,0,0,0,0,0,0,0,0,0,0,0,0,0,0,0,0,0,0,0,0,0,0,0,0,0,0,0,0,0,0,0,0,0,0,0,0,0,0,0,0,0,0
akai (riaakai),Extreme,hypnosis,chastity,machine sex,https://cdn.zele.st/data/NAX/Images/danbooru-artist-tags-v4.5/akai%20%28riaakai%29.jpg,1,1,0,1,0,1,1,1,0,0,1,0,0,1,0,0,0,0,1,0,0,0,0,0,0,0,0,0,0,0,0,0,0,0,0,0,0,0,0,0,0,0,0,0,0,0,0,0,0,0,0,0,0,0,0,0,0,0,0,0,0,0,0,0,0,0,0,0
akaiha (akaihasugk),Extreme,chastity,oral sex,pegging,https://cdn.zele.st/data/NAX/Images/danbooru-artist-tags-v4.5/akaiha%20%28akaihasugk%29.jpg,0,0,1,1,0,0,0,0,1,0,1,0,0,1,1,1,0,0,0,0,0,0,0,0,0,0,0,0,0,0,0,0,0,0,0,0,0,0,0,0,0,0,0,0,0,0,0,0,0,0,0,0,0,0,0,0,0,0,0,0,0,0,0,0,0,0,0,0
akakura,Hentai,mind control,inflation,chastity,https://cdn.zele.st/data/NAX/Images/danbooru-artist-tags-v4.5/akakura.jpg,1,0,0,1,1,1,0,1,1,1,0,0,1,0,0,1,0,0,1,0,0,0,0,0,0,0,0,0,0,0,0,0,0,0,0,0,0,0,0,0,0,0,0,0,0,0,0,0,0,0,0,0,0,0,0,0,0,0,0,0,0,0,0,0,0,0,0,0
akasaka (qv92612),Hentai,inflation,bondage,chastity,https://cdn.zele.st/data/NAX/Images/danbooru-artist-tags-v4.5/akasaka%20%28qv92612%29.jpg,1,0,1,1,1,0,0,1,1,0,1,0,1,0,0,1,0,0,0,0,0,0,0,0,0,0,0,0,0,0,0,0,0,0,0,0,0,0,0,0,0,0,0,0,0,0,0,0,0,0,0,0,0,0,0,0,0,0,0,0,0,0,0,0,0,0,0,0
akatsuki hijiri,Ecchi,chastity,tentacle penetration,mind control,https://cdn.zele.st/data/NAX/Images/danbooru-artist-tags-v4.5/akatsuki%20hijiri.jpg,0,1,1,1,1,1,0,0,1,0,0,1,0,1,1,0,0,0,1,0,0,0,0,0,0,0,0,0,0,0,0,0,0,0,0,0,0,0,0,0,0,0,0,0,0,0,0,0,0,0,0,0,0,0,0,0,0,0,0,0,0,0,0,0,0,0,0,0
akehi yuki,Hentai,chastity,futanari,pegging,https://cdn.zele.st/data/NAX/Images/danbooru-artist-tags-v4.5/akehi%20yuki.jpg,1,1,0,1,1,0,1,1,1,1,0,0,0,0,0,1,0,0,0,0,0,0,0,0,0,0,0,0,0,0,0,0,0,0,0,0,0,0,0,0,0,0,0,0,0,0,0,0,0,0,0,0,0,0,0,0,0,0,0,0,0,0,0,0,0,0,0,0
akihiyo,Extreme,chastity,hypnosis,futanari,https://cdn.zele.st/data/NAX/Images/danbooru-artist-tags-v4.5/akihiyo.jpg,1,0,1,1,1,0,0,1,0,0,1,0,0,0,1,0,0,0,0,0,0,0,0,0,0,0,0,0,0,0,0,0,0,0,0,0,0,0,0,0,0,0,0,0,0,0,0,0,0,0,0,0,0,0,0,0,0,0,0,0,0,0,0,0,0,0,0,0
akino subaru,Hentai,chastity,hypnosis,mind control,https://cdn.zele.st/data/NAX/Images/danbooru-artist-tags-v4.5/akino%20subaru.jpg,0,0,1,1,1,1,0,0,1,1,1,1,0,0,1,1,0,0,1,0,0,0,0,0,0,0,0,0,0,0,0,0,0,0,0,0,0,0,0,0,0,0,0,0,0,0,0,0,0,0,0,0,0,0,0,0,0,0,0,0,0,0,0,0,0,0,0,0
akino takehiko,Ecchi,futanari,bondage,chastity,https://cdn.zele.st/data/NAX/Images/danbooru-artist-tags-v4.5/akino%20takehiko.jpg,1,1,1,1,1,0,0,1,0,1,0,0,0,1,0,0,0,0,0,0,0,0,0,0,0,0,0,0,0,0,0,0,0,0,0,0,0,0,0,0,0,0,0,0,0,0,0,0,0,0,0,0,0,0,0,0,0,0,0,0,0,0,0,0,0,0,0,0
akira (been0328),Ecchi,bimbofication,sissification,chastity,https://cdn.zele.st/data/NAX/Images/danbooru-artist-tags-v4.5/akira%20%28been0328%29.jpg,1,0,0,1,0,1,1,1,1,1,0,0,0,0,0,0,0,0,1,0,0,0,0,0,0,0,0,0,0,0,0,0,0,0,0,0,0,0,0,0,0,0,0,0,0,0,0,0,0,0,0,0,0,0,0,0,0,0,0,0,0,0,0,0,0,0,0,0
akisome hatsuka,Extreme,dominant female,chastity,feminization,https://cdn.zele.st/data/NAX/Images/danbooru-artist-tags-v4.5/akisome%20hatsuka.jpg,1,0,1,1,0,0,1,0,0,1,0,1,1,0,1,1,0,0,0,0,0,0,0,0,0,0,0,0,0,0,0,0,0,0,0,0,0,0,0,0,0,0,0,0,0,0,0,0,0,0,0,0,0,0,0,0,0,0,0,0,0,0,0,0,0,0,0,0
akitaka mika,Extreme,chastity,bondage,dominant female,https://cdn.zele.st/data/NAX/Images/danbooru-artist-tags-v4.5/akitaka%20mika.jpg,0,1,0,1,0,0,1,1,1,0,1,0,0,1,1,1,0,0,0,0,0,0,0,0,0,0,0,0,0,0,0,0,0,0,0,0,0,0,0,0,0,0,0,0,0,0,0,0,0,0,0,0,0,0,0,0,0,0,0,0,0,0,0,0,0,0,0,0
akito (d30n26),Extreme,mind control,chastity,hypnosis,https://cdn.zele.st/data/NAX/Images/danbooru-artist-tags-v4.5/akito%20%28d30n26%29.jpg,1,0,0,1,1,0,1,1,1,0,1,0,0,1,1,0,0,0,0,0,0,0,0,0,0,0,0,0,0,0,0,0,0,0,0,0,0,0,0,0,0,0,0,0,0,0,0,0,0,0,0,0,0,0,0,0,0,0,0,0,0,0,0,0,0,0,0,0
akiyama enma,Extreme,machine sex,chastity,tentacle penetration,https://cdn.zele.st/data/NAX/Images/danbooru-artist-tags-v4.5/akiyama%20enma.jpg,1,1,0,1,0,1,0,1,1,0,0,0,1,0,1,0,0,0,1,0,0,0,0,0,0,0,0,0,0,0,0,0,0,0,0,0,0,0,0,0,0,0,0,0,0,0,0,0,0,0,0,0,0,0,0,0,0,0,0,0,0,0,0,0,0,0,0,0
akizero1510,Hentai,chastity,futanari,machine sex,https://cdn.zele.st/data/NAX/Images/danbooru-artist-tags-v4.5/akizero1510.jpg,1,0,0,1,1,1,0,1,1,0,1,0,0,1,0,0,0,0,1,0,0,0,0,0,0,0,0,0,0,0,0,0,0,0,0,0,0,0,0,0,0,0,0,0,0,0,0,0,0,0,0,0,0,0,0,0,0,0,0,0,0,0,0,0,0,0,0,0
akizora momiji,Hentai,bondage,pegging,chastity,https://cdn.zele.st/data/NAX/Images/danbooru-artist-tags-v4.5/akizora%20momiji.jpg,1,0,0,1,0,1,0,1,1,0,1,1,0,0,0,0,0,0,1,0,0,0,0,0,0,0,0,0,0,0,0,0,0,0,0,0,0,0,0,0,0,0,0,0,0,0,0,0,0,0,0,0,0,0,0,0,0,0,0,0,0,0,0,0,0,0,0,0
akizuki ritchan,Hentai,chastity,bondage,dominant female,https://cdn.zele.st/data/NAX/Images/danbooru-artist-tags-v4.5/akizuki%20ritchan.jpg,1,0,1,1,1,1,1,1,0,0,0,0,1,0,1,1,0,0,1,0,0,0,0,0,0,0,0,0,0,0,0,0,0,0,0,0,0,0,0,0,0,0,0,0,0,0,0,0,0,0,0,0,0,0,0,0,0,0,0,0,0,0,0,0,0,0,0,0
akizuki shigure,Hentai,mind control,chastity,sissification,https://cdn.zele.st/data/NAX/Images/danbooru-artist-tags-v4.5/akizuki%20shigure.jpg,1,1,0,1,1,1,0,0,1,1,1,1,0,0,0,0,0,0,1,0,0,0,0,0,0,0,0,0,0,0,0,0,0,0,0,0,0,0,0,0,0,0,0,0,0,0,0,0,0,0,0,0,0,0,0,0,0,0,0,0,0,0,0,0,0,0,0,0
akkijin,Hentai,anal,inflation,chastity,https://cdn.zele.st/data/NAX/Images/danbooru-artist-tags-v4.5/akkijin.jpg,1,1,0,1,1,0,0,1,0,1,0,1,1,0,0,0,0,0,0,0,0,0,0,0,0,0,0,0,0,0,0,0,0,0,0,0,0,0,0,0,0,0,0,0,0,0,0,0,0,0,0,0,0,0,0,0,0,0,0,0,0,0,0,0,0,0,0,0
akni,Ecchi,machine sex,chastity,oral sex,https://cdn.zele.st/data/NAX/Images/danbooru-artist-tags-v4.5/akni.jpg,0,0,0,1,0,1,1,0,0,0,0,1,1,0,1,1,0,0,1,0,0,0,0,0,0,0,0,0,0,0,0,0,0,0,0,0,0,0,0,0,0,0,0,0,0,0,0,0,0,0,0,0,0,0,0,0,0,0,0,0,0,0,0,0,0,0,0,0
akusema,Hentai,chastity,tentacle penetration,hypnosis,https://cdn.zele.st/data/NAX/Images/danbooru-artist-tags-v4.5/akusema.jpg,0,1,0,1,0,1,1,1,0,0,1,1,1,1,0,0,0,0,1,0,0,0,0,0,0,0,0,0,0,0,0,0,0,0,0,0,0,0,0,0,0,0,0,0,0,0,0,0,0,0,0,0,0,0,0,0,0,0,0,0,0,0,0,0,0,0,0,0
akutsu (demodori),Extreme,chastity,machine sex,inflation,https://cdn.zele.st/data/NAX/Images/danbooru-artist-tags-v4.5/akutsu%20%28demodori%29.jpg,1,0,0,1,0,1,1,0,1,1,0,1,1,1,0,1,0,0,1,0,0,0,0,0,0,0,0,0,0,0,0,0,0,0,0,0,0,0,0,0,0,0,0,0,0,0,0,0,0,0,0,0,0,0,0,0,0,0,0,0,0,0,0,0,0,0,0,0
alcxome,Hentai,chastity,bimbofication,mind control,https://cdn.zele.st/data/NAX/Images/danbooru-artist-tags-v4.5/alcxome.jpg,1,0,0,1,1,0,1,1,0,1,1,1,0,1,0,0,0,0,0,0,0,0,0,0,0,0,0,0,0,0,0,0,0,0,0,0,0,0,0,0,0,0,0,0,0,0,0,0,0,0,0,0,0,0,0,0,0,0,0,0,0,0,0,0,0,0,0,0
alexmaster,Hentai,chastity,bimbofication,machine sex,https://cdn.zele.st/data/NAX/Images/danbooru-artist-tags-v4.5/alexmaster.jpg,0,0,1,1,1,1,1,0,1,0,1,0,1,0,1,1,0,0,1,0,0,0,0,0,0,0,0,0,0,0,0,0,0,0,0,0,0,0,0,0,0,0,0,0,0,0,0,0,0,0,0,0,0,0,0,0,0,0,0,0,0,0,0,0,0,0,0,0
alfred (artist),Extreme,chastity,oversized toy,sissification,https://cdn.zele.st/data/NAX/Images/danbooru-artist-tags-v4.5/alfred%20%28artist%29.jpg,1,1,1,1,0,1,0,0,0,1,0,1,0,1,0,1,0,0,1,0,0,0,0,0,0,0,0,0,0,0,0,0,0,0,0,0,0,0,0,0,0,0,0,0,0,0,0,0,0,0,0,0,0,0,0,0,0,0,0,0,0,0,0,0,0,0,0,0
alice vu,Extreme,dominant female,chastity,sissification,https://cdn.zele.st/data/NAX/Images/danbooru-artist-tags-v4.5/alice%20vu.jpg,0,1,0,1,1,0,0,1,1,1,1,0,0,0,0,1,0,0,0,0,0,0,0,0,0,0,0,0,0,0,0,0,0,0,0,0,0,0,0,0,0,0,0,0,0,0,0,0,0,0,0,0,0,0,0,0,0,0,0,0,0,0,0,0,0,0,0,0
alios arvin,Ecchi,chastity,bondage,futanari,https://cdn.zele.st/data/NAX/Images/danbooru-artist-tags-v4.5/alios%20arvin.jpg,1,0,0,1,0,0,1,1,1,0,1,0,1,1,0,0,0,0,0,0,0,0,0,0,0,0,0,0,0,0,0,0,0,0,0,0,0,0,0,0,0,0,0,0,0,0,0,0,0,0,0,0,0,0,0,0,0,0,0,0,0,0,0,0,0,0,0,0
alison (alison airlines),Hentai,chastity,machine sex,bondage,https://cdn.zele.st/data/NAX/Images/danbooru-artist-tags-v4.5/alison%20%28alison%20airlines%29.jpg,1,0,0,1,0,1,1,1,1,1,0,0,0,1,0,1,0,0,1,0,0,0,0,0,0,0,0,0,0,0,0,0,0,0,0,0,0,0,0,0,0,0,0,0,0,0,0,0,0,0,0,0,0,0,0,0,0,0,0,0,0,0,0,0,0,0,0,0
alkemanubis,Hentai,oversized toy,anal,chastity,https://cdn.zele.st/data/NAX/Images/danbooru-artist-tags-v4.5/alkemanubis.jpg,1,1,1,1,1,0,1,0,0,1,0,1,1,1,0,0,0,0,0,0,0,0,0,0,0,0,0,0,0,0,0,0,0,0,0,0,0,0,0,0,0,0,0,0,0,0,0,0,0,0,0,0,0,0,0,0,0,0,0,0,0,0,0,0,0,0,0,0
allenes,Hentai,tentacle penetration,chastity,bondage,https://cdn.zele.st/data/NAX/Images/danbooru-artist-tags-v4.5/allenes.jpg,0,1,0,1,1,1,0,1,0,1,0,0,0,1,1,1,0,0,1,0,0,0,0,0,0,0,0,0,0,0,0,0,0,0,0,0,0,0,0,0,0,0,0,0,0,0,0,0,0,0,0,0,0,0,0,0,0,0,0,0,0,0,0,0,0,0,0,0
almic,Hentai,chastity,bimbofication,dominant female,https://cdn.zele.st/data/NAX/Images/danbooru-artist-tags-v4.5/almic.jpg,1,0,1,1,0,0,1,0,0,1,0,0,1,0,1,1,0,0,0,0,0,0,0,0,0,0,0,0,0,0,0,0,0,0,0,0,0,0,0,0,0,0,0,0,0,0,0,0,0,0,0,0,0,0,0,0,0,0,0,0,0,0,0,0,0,0,0,0
alto seneka,Hentai,oversized toy,chastity,pegging,https://cdn.zele.st/data/NAX/Images/danbooru-artist-tags-v4.5/alto%20seneka.jpg,0,1,0,1,0,0,0,1,1,0,1,1,0,1,0,1,0,0,0,0,0,0,0,0,0,0,0,0,0,0,0,0,0,0,0,0,0,0,0,0,0,0,0,0,0,0,0,0,0,0,0,0,0,0,0,0,0,0,0,0,0,0,0,0,0,0,0,0
amagaeru (hylathewet),Hentai,bondage,mind control,chastity,https://cdn.zele.st/data/NAX/Images/danbooru-artist-tags-v4.5/amagaeru%20%28hylathewet%29.jpg,0,1,0,1,1,1,1,1,0,0,0,0,0,1,1,0,0,0,1,0,0,0,0,0,0,0,0,0,0,0,0,0,0,0,0,0,0,0,0,0,0,0,0,0,0,0,0,0,0,0,0,0,0,0,0,0,0,0,0,0,0,0,0,0,0,0,0,0
amakusa setoka,Extreme,chastity,sissification,futanari,https://cdn.zele.st/data/NAX/Images/danbooru-artist-tags-v4.5/amakusa%20setoka.jpg,1,0,1,1,1,0,0,0,1,1,0,0,0,1,1,1,0,0,0,0,0,0,0,0,0,0,0,0,0,0,0,0,0,0,0,0,0,0,0,0,0,0,0,0,0,0,0,0,0,0,0,0,0,0,0,0,0,0,0,0,0,0,0,0,0,0,0,0
amamiya (abaros),Hentai,oversized toy,inflation,chastity,https://cdn.zele.st/data/NAX/Images/danbooru-artist-tags-v4.5/amamiya%20%28abaros%29.jpg,0,0,0,1,1,0,1,1,1,0,0,0,1,1,0,1,0,0,0,0,0,0,0,0,0,0,0,0,0,0,0,0,0,0,0,0,0,0,0,0,0,0,0,0,0,0,0,0,0,0,0,0,0,0,0,0,0,0,0,0,0,0,0,0,0,0,0,0
amane sou,Hentai,anal,feminization,chastity,https://cdn.zele.st/data/NAX/Images/danbooru-artist-tags-v4.5/amane%20sou.jpg,1,0,1,1,0,0,1,0,0,0,1,1,1,0,0,1,0,0,0,0,0,0,0,0,0,0,0,0,0,0,0,0,0,0,0,0,0,0,0,0,0,0,0,0,0,0,0,0,0,0,0,0,0,0,0,0,0,0,0,0,0,0,0,0,0,0,0,0
amano don,Extreme,machine sex,hypnosis,chastity,https://cdn.zele.st/data/NAX/Images/danbooru-artist-tags-v4.5/amano%20don.jpg,0,0,1,1,1,1,1,0,1,1,1,0,1,0,0,0,0,0,1,0,0,0,0,0,0,0,0,0,0,0,0,0,0,0,0,0,0,0,0,0,0,0,0,0,0,0,0,0,0,0,0,0,0,0,0,0,0,0,0,0,0,0,0,0,0,0,0,0
amano kozue,Hentai,machine sex,chastity,futanari,https://cdn.zele.st/data/NAX/Images/danbooru-artist-tags-v4.5/amano%20kozue.jpg,1,1,0,1,1,1,1,0,0,0,0,0,1,0,0,0,0,0,1,0,0,0,0,0,0,0,0,0,0,0,0,0,0,0,0,0,0,0,0,0,0,0,0,0,0,0,0,0,0,0,0,0,0,0,0,0,0,0,0,0,0,0,0,0,0,0,0,0
amasa mitsunaru,Hentai,chastity,feminization,oversized toy,https://cdn.zele.st/data/NAX/Images/danbooru-artist-tags-v4.5/amasa%20mitsunaru.jpg,0,0,1,1,1,0,1,0,0,0,1,0,1,1,1,0,0,0,0,0,0,0,0,0,0,0,0,0,0,0,0,0,0,0,0,0,0,0,0,0,0,0,0,0,0,0,0,0,0,0,0,0,0,0,0,0,0,0,0,0,0,0,0,0,0,0,0,0
amashiro natsuki,Hentai,chastity,pegging,sissification,https://cdn.zele.st/data/NAX/Images/danbooru-artist-tags-v4.5/amashiro%20natsuki.jpg,0,1,1,1,0,0,0,1,1,1,0,1,0,1,0,1,0,0,0,0,0,0,0,0,0,0,0,0,0,0,0,0,0,0,0,0,0,0,0,0,0,0,0,0,0,0,0,0,0,0,0,0,0,0,0,0,0,0,0,0,0,0,0,0,0,0,0,0
amatari sukuzakki,Hentai,chastity,sissification,feminization,https://cdn.zele.st/data/NAX/Images/danbooru-artist-tags-v4.5/amatari%20sukuzakki.jpg,0,0,1,1,1,0,0,0,1,1,1,0,1,0,0,0,0,0,0,0,0,0,0,0,0,0,0,0,0,0,0,0,0,0,0,0,0,0,0,0,0,0,0,0,0,0,0,0,0,0,0,0,0,0,0,0,0,0,0,0,0,0,0,0,0,0,0,0
ama-tou,Hentai,oversized toy,anal,chastity,https://cdn.zele.st/data/NAX/Images/danbooru-artist-tags-v4.5/ama-tou.jpg,1,1,0,1,1,1,0,1,0,0,0,1,0,1,0,0,0,0,1,0,0,0,0,0,0,0,0,0,0,0,0,0,0,0,0,0,0,0,0,0,0,0,0,0,0,0,0,0,0,0,0,0,0,0,0,0,0,0,0,0,0,0,0,0,0,0,0,0
amazu (kurozu),Extreme,chastity,hypnosis,futanari,https://cdn.zele.st/data/NAX/Images/danbooru-artist-tags-v4.5/amazu%20%28kurozu%29.jpg,1,1,0,1,0,1,1,0,0,0,1,0,0,1,1,1,0,0,1,0,0,0,0,0,0,0,0,0,0,0,0,0,0,0,0,0,0,0,0,0,0,0,0,0,0,0,0,0,0,0,0,0,0,0,0,0,0,0,0,0,0,0,0,0,0,0,0,0
ame yamori,Extreme,chastity,mind control,machine sex,https://cdn.zele.st/data/NAX/Images/danbooru-artist-tags-v4.5/ame%20yamori.jpg,1,1,0,1,1,1,0,1,0,0,0,0,1,0,1,0,0,0,1,0,0,0,0,0,0,0,0,0,0,0,0,0,0,0,0,0,0,0,0,0,0,0,0,0,0,0,0,0,0,0,0,0,0,0,0,0,0,0,0,0,0,0,0,0,0,0,0,0
ame.,Ecchi,tentacle penetration,chastity,oversized toy,https://cdn.zele.st/data/NAX/Images/danbooru-artist-tags-v4.5/ame..jpg,0,1,0,1,1,1,0,0,1,0,0,1,0,1,0,1,0,0,1,0,0,0,0,0,0,0,0,0,0,0,0,0,0,0,0,0,0,0,0,0,0,0,0,0,0,0,0,0,0,0,0,0,0,0,0,0,0,0,0,0,0,0,0,0,0,0,0,0
ameto yuki,Hentai,oral sex,chastity,pegging,https://cdn.zele.st/data/NAX/Images/danbooru-artist-tags-v4.5/ameto%20yuki.jpg,1,0,1,1,1,0,0,1,1,1,1,0,0,0,1,0,0,0,0,0,0,0,0,0,0,0,0,0,0,0,0,0,0,0,0,0,0,0,0,0,0,0,0,0,0,0,0,0,0,0,0,0,0,0,0,0,0,0,0,0,0,0,0,0,0,0,0,0
amezawa koma,Hentai,chastity,hypnosis,dominant female,https://cdn.zele.st/data/NAX/Images/danbooru-artist-tags-v4.5/amezawa%20koma.jpg,0,1,0,1,1,0,1,0,0,0,1,0,0,1,1,1,0,0,0,0,0,0,0,0,0,0,0,0,0,0,0,0,0,0,0,0,0,0,0,0,0,0,0,0,0,0,0,0,0,0,0,0,0,0,0,0,0,0,0,0,0,0,0,0,0,0,0,0
